id;nome;sobrenome;tel;email;status
1;James;;['1146218927'];['jbutt@gmail.com'];ativo
2;Josephine;;['8102929388'];['josephine_darakjy@darakjy.org'];inativo
3;Art;;['8566368749'];['art@venere.org'];ativo
4;Lenna;;['9073854412'];['lpaprocki@hotmail.com'];ativo
5;Donette;;['5135701893'];['donette.foller@cox.net'];ativo
6;Simona;;['4195032484'];['simona@morasca.com'];ativo
7;Mitsue;;['7735736914'];['mitsue_tollner@yahoo.com'];ativo
8;Leota;;['4087523500'];['leota@hotmail.com'];ativo
9;Sage;;['6054142147'];['sage_wieser@cox.net'];ativo
10;Kris;;['4106558723'];['kris@gmail.com'];ativo
11;Minna;;['2158741229'];['minna_amigon@yahoo.com'];ativo
12;Abel;;['6313353414'];['amaclead@gmail.com'];ativo
13;Kiley;;['3104985651'];['kiley.caldarera@aol.com'];ativo
14;Graciela;;['4407808425'];['gruta@cox.net'];ativo
15;Cammy;;['9565376195'];['calbares@gmail.com'];ativo
16;Mattie;;['6022774385'];['mattie@aol.com'];ativo
17;Meaghan;;['9313139635'];['meaghan@hotmail.com'];ativo
18;Gladys;;['4146619598'];['gladys.rim@rim.org'];ativo
19;Yuki;;['3132887937'];['yuki_whobrey@aol.com'];ativo
20;fFletcher;;['8158282147'];['letcher.flosi@yahoo.com'];ativo
21;Bette;;['6105453615'];['bette_nicka@cox.net'];ativo
22;Veronika;;['4085401785'];['vinouye@aol.com'];ativo
23;Willard;;['9723039197'];['willard@hotmail.com'];ativo
24;Maryann;;['5189667987'];['mroyster@royster.com'];ativo
25;Alisha;;['7326583154'];['alisha@slusarski.com'];ativo
26;Jose;Silva;['9999999999'];['jose.silva@letscode.com'];ativo
27;Jose;Silva;['9999999999'];['jose.silva@letscode.com'];ativo
28;Jose;Silva;['9999999999'];['jose.silva@letscode.com'];ativo
29;Jose;Silva;['9999999999'];['jose.silva@letscode.com'];ativo
30;Jose;Silva;['9999999999'];['jose.silva@letscode.com'];ativo
31;Jose;Silva;['9999999999'];['jose.silva@letscode.com'];ativo
32;Jose;Silva;['9999999999'];['jose.silva@letscode.com'];ativo
33;Jose;Silva;['9999999999'];['jose.silva@letscode.com'];ativo
34;Jose;Silva;['9999999999'];['jose.silva@letscode.com'];ativo
35;Jose;Silva;['9999999999'];['jose.silva@letscode.com'];ativo
36;Jose;Silva;['9999999999'];['jose.silva@letscode.com'];ativo
37;Jose;Silva;['9999999999'];['jose.silva@letscode.com'];ativo
38;Jose;Silva;['9999999999'];['jose.silva@letscode.com'];ativo
39;Jose;Silva;['9999999999'];['jose.silva@letscode.com'];ativo
40;Jose;Silva;['9999999999'];['jose.silva@letscode.com'];ativo
41;Jose;Silva;['9999999999'];['jose.silva@letscode.com'];ativo
42;Jose;Silva;['9999999999'];['jose.silva@letscode.com'];ativo
43;Jose;Silva;['9999999999'];['jose.silva@letscode.com'];ativo
44;Jose;Silva;['9999999999'];['jose.silva@letscode.com'];ativo
45;Jose;Silva;['9999999999'];['jose.silva@letscode.com'];ativo
46;Jose;Silva;['9999999999'];['jose.silva@letscode.com'];ativo
47;Jose;Silva;['9999999999'];['jose.silva@letscode.com'];ativo
48;Jose;Silva;['9999999999'];['jose.silva@letscode.com'];ativo
49;Jose;Silva;['9999999999'];['jose.silva@letscode.com'];ativo
50;Jose;Silva;['9999999999'];['jose.silva@letscode.com'];ativo
51;Jose;Silva;['9999999999'];['jose.silva@letscode.com'];ativo
52;Jose;Silva;['9999999999'];['jose.silva@letscode.com'];ativo
53;Jose;Silva;['9999999999'];['jose.silva@letscode.com'];ativo
54;Jose;Silva;['9999999999'];['jose.silva@letscode.com'];ativo
55;Jose;Silva;['9999999999'];['jose.silva@letscode.com'];ativo
56;Jose;Silva;['9999999999'];['jose.silva@letscode.com'];ativo
57;Jose;Silva;['9999999999'];['jose.silva@letscode.com'];ativo
58;Jose;Silva;['9999999999'];['jose.silva@letscode.com'];ativo
59;Jose;Silva;['9999999999'];['jose.silva@letscode.com'];ativo
60;Jose;Silva;['9999999999'];['jose.silva@letscode.com'];ativo
61;Jose;Silva;['9999999999'];['jose.silva@letscode.com'];ativo
62;Jose;Silva;['9999999999'];['jose.silva@letscode.com'];ativo
63;Jose;Silva;['9999999999'];['jose.silva@letscode.com'];ativo
64;Jose;Silva;['9999999999'];['jose.silva@letscode.com'];ativo
65;Jose;Silva;['9999999999'];['jose.silva@letscode.com'];ativo
66;Jose;Silva;['9999999999'];['jose.silva@letscode.com'];ativo
67;Jose;Silva;['9999999999'];['jose.silva@letscode.com'];ativo
68;Jose;Silva;['9999999999'];['jose.silva@letscode.com'];ativo
69;Jose;Silva;['9999999999'];['jose.silva@letscode.com'];ativo
70;Jose;Silva;['9999999999'];['jose.silva@letscode.com'];ativo
71;Jose;Silva;['9999999999'];['jose.silva@letscode.com'];ativo
72;Jose;Silva;['9999999999'];['jose.silva@letscode.com'];ativo
73;Jose;Silva;['9999999999'];['jose.silva@letscode.com'];ativo
74;Jose;Silva;['9999999999'];['jose.silva@letscode.com'];ativo
75;Jose;Silva;['9999999999'];['jose.silva@letscode.com'];inativo
76;jose;silva;['123455', '9999999', '10220304'];['email@email'];ativo
